title,link
विकासको नाममा विनास निम्त्याएको पीडितको आरोप ,http://radiokantipur.ekantipur.com/news/2018-12-21/20181221151030.html
सम्बृद्ध मुलुक निर्माणका लागि दलहरुको आन्तरिक व्यवस्थापन महत्वपूर्ण : मन्त्रिपरिषद्का पूर्व अध्यक्ष रेग्मी ,http://radiokantipur.ekantipur.com/news/2018-12-21/20181221133356.html
पुस्तौंदेखि बस्दै आएको दलित बस्तीको जमिन बिक्री ,http://radiokantipur.ekantipur.com/news/2018-12-21/20181221132054.html
नेकपा स्थायी समितिमा पदाधिकारीले भोलि बोल्ने ,http://radiokantipur.ekantipur.com/news/2018-12-21/20181221124339.html
साइन्स गु्रपबाट अडिसनमा छानिएँ ,http://saptahik.ekantipur.com/news/2018-12-21/20181220152421.html
एकल महिला ,http://nari.ekantipur.com/news/2018-12-21/20181221114246.html
तपाईं विवाहपछि हनिमुन जानुभएको ठाउँ कुन हो ? ,http://saptahik.ekantipur.com/news/2018-12-21/20181220151648.html
ए डिभिजन लिगमा मच्छिन्द्रको पहिलो जित ,http://radiokantipur.ekantipur.com/news/2018-12-21/20181221134017.html
सोचमात्र होइन लुक्स पनि बोल्ड ,http://nari.ekantipur.com/news/2018-12-21/20181221112446.html
जेनीको विश्वास ,http://saptahik.ekantipur.com/news/2018-12-21/20181220150936.html
संगीतलाई ट्रेन्डिङ बनाउने संगीतकार ,http://saptahik.ekantipur.com/news/2018-12-22/20181221122735.html
मिस एन्ड मिसेज धौलागिरि ,http://nari.ekantipur.com/news/2018-12-21/20181221111217.html
आजबाट केजीएफ ,http://saptahik.ekantipur.com/news/2018-12-21/20181220150522.html
अन्तत: कांग्रेसमा १३ सदस्यीय पदाधिकारी हुने ,http://radiokantipur.ekantipur.com/news/2018-12-21/20181221115218.html
मिस टुरिजम इन्टरनेसनलमा आस्था ,http://nari.ekantipur.com/news/2018-12-21/20181221110251.html
रुसलान अल्ट्रा प्रिमियम भोड्का ,http://saptahik.ekantipur.com/news/2018-12-21/20181220150205.html
फिफा वरियतामा नेपालको एक स्थान सुधार ,http://radiokantipur.ekantipur.com/news/2018-12-21/20181221100022.html
थारु भाषाको करोट ,http://saptahik.ekantipur.com/news/2018-12-21/20181220145619.html
ए डिभिजन लिग : दशौं चरणका ३ खेल हुने ,http://radiokantipur.ekantipur.com/news/2018-12-21/20181221095638.html
नेकपा बैठकमा सदस्यहरुले धारणा राख्ने क्रम आज सकिने ,http://radiokantipur.ekantipur.com/news/2018-12-21/20181221094857.html
अमेरिकाका रक्षामन्त्री जिम म्याटिसले पदबाट अवकाश लिने ,http://radiokantipur.ekantipur.com/news/2018-12-21/20181221093932.html
प्रदेश ५ मा भावी किसानका लागि सहयोगी कार्यक्रम सुरु ,http://radiokantipur.ekantipur.com/news/2018-12-21/20181221093556.html
कांग्रेसमा सहमतिको प्रयास जारी ,http://radiokantipur.ekantipur.com/news/2018-12-21/20181221093113.html
शाहरूख खानको जिरो प्रदर्शनमा ,http://saptahik.ekantipur.com/news/2018-12-21/20181220131204.html
युएईका मुस्तफासहित ३ खेलाडीलाई ८ साताका लागि निलम्बन ,http://radiokantipur.ekantipur.com/news/2018-12-21/20181221080727.html
पुस ६ देखि १२ गतेसम्मको राशिफल ,http://saptahik.ekantipur.com/news/2018-12-21/20181220130605.html
"Kantipur Samachar | कान्तिपुर समाचार, ०५ पौष २०७५ ",http://www.kantipurtv.com/news/2018-12-20/kantipur-samachar-20181220223618.html
नाच्न नजान्नेको जवाफ ,http://saptahik.ekantipur.com/news/2018-12-20/20181220125941.html
बालिकामाथि जबरजस्तीकरणी गरेको आरोपमा ५ पक्राउ ,http://radiokantipur.ekantipur.com/news/2018-12-20/20181220193120.html
नक्कली सुनसहित सिरहाबाट ३ जना पक्राउ ,http://radiokantipur.ekantipur.com/news/2018-12-20/20181220192454.html
पर्यटन प्रर्वधन गर्न १० औँ गोरखा महोत्सव सुरु ,http://radiokantipur.ekantipur.com/news/2018-12-20/20181220191914.html
शवमा संगीन रोपेर अन्त्येष्टि ,http://nepal.ekantipur.com/news/2018-12-20/20181220191430.html
महोत्सवलाई उद्यमशीलतासँग जोड्न मुख्यमन्त्रीको आग्रह ,http://radiokantipur.ekantipur.com/news/2018-12-20/20181220190924.html
शीर्ष स्थानमा आर्मी कायमै ,http://radiokantipur.ekantipur.com/news/2018-12-20/20181220190311.html
सलमान फेरि नम्बर वान ,http://saptahik.ekantipur.com/news/2018-12-20/20181220125512.html
प्रदेश सरकार प्रेसमैत्री भएर काम गर्छ : मुख्यमन्त्री राई ,http://radiokantipur.ekantipur.com/news/2018-12-20/20181220185525.html
समय–समयका हिरो ,http://nepal.ekantipur.com/news/2018-12-20/20181220184201.html
पूर्व गभर्नर रावलविरुद्ध भ्रष्टाचार मुद्दा दायर ,http://radiokantipur.ekantipur.com/news/2018-12-20/20181220183954.html
देशलाई एकताको सूत्रमा बाँधेर जानुपदर्छ : पूर्व राष्ट्रपति यादव ,http://radiokantipur.ekantipur.com/news/2018-12-20/20181220183145.html
हत्यारा सुन्दरी ,http://saptahik.ekantipur.com/news/2018-12-20/20181220125010.html
सुदूरपश्चिम खप्तड गोल्डकप पुसको अन्तिम साता ,http://radiokantipur.ekantipur.com/news/2018-12-20/20181220175303.html
विकासको नाममा विनास निम्त्याएको पीडितको आरोप ,http://radiokantipur.ekantipur.com/news/2018-12-20/20181220172354.html
स्थानीय तहले राष्ट्रिय शिक्षा नीतिलाई अनुसरण गर्नु पर्दछ : प्रम ओली ,http://radiokantipur.ekantipur.com/news/2018-12-20/20181220170710.html
फोनमा के गर्छन् सेलिब्रेटी ? ,http://saptahik.ekantipur.com/news/2018-12-20/20181220123236.html
मेलम्ची खानेपानी आयोजना लागत नबढ्ने गरी सम्पन्न गर्न सरकारलाई निर्देशन ,http://radiokantipur.ekantipur.com/news/2018-12-20/20181220163258.html
तुलसीपुर उपमहानगरले स्थानीय बिदा दिने ,http://radiokantipur.ekantipur.com/news/2018-12-20/20181220162255.html
भिरिंगी रोग र यसको उपचार ,http://saptahik.ekantipur.com/news/2018-12-20/20181220122519.html
गोपी ट्रेलरमा गाईपालक कृषकको कथा ,http://saptahik.ekantipur.com/news/2018-12-20/20181220115211.html
मधुमेहको नयाँ औषधि नेपालमै ,http://nari.ekantipur.com/news/2018-12-20/20181220113659.html
न्यू डायमण्ड राष्ट्रिय महिला भलिबल पुष अन्तिम साता ,http://radiokantipur.ekantipur.com/news/2018-12-20/20181220142139.html
मौसमअनुसार मेकअप ,http://nari.ekantipur.com/news/2018-12-20/20181220113208.html
मिस्टर ह्याप्पीको खुसी ,http://saptahik.ekantipur.com/news/2018-12-20/20181219123141.html
मलेसियामा मैथली फेसन ,http://nari.ekantipur.com/news/2018-12-20/20181220112448.html
भूतसँग पारपाचुके ,http://saptahik.ekantipur.com/news/2018-12-20/20181219121850.html
